Emittententicker,Name,ISIN
NVDA,NVIDIA CORP,US67066G1040
AAPL,APPLE INC,US0378331005
MSFT,MICROSOFT CORP,US5949181045
AMZN,AMAZON COM INC,US0231351067
AVGO,BROADCOM INC,US11135F1012
GOOGL,ALPHABET INC CLASS A,US02079K3059
GOOG,ALPHABET INC CLASS C,US02079K1079
META,META PLATFORMS INC CLASS A,US30303M1027
TSLA,TESLA INC,US88160R1014
BRKB,BERKSHIRE HATHAWAY INC CLASS B,US0846707026
JPM,JPMORGAN CHASE & CO,US46625H1005
LLY,ELI LILLY,US5324571083
V,VISA INC CLASS A,US92826C8394
XOM,EXXON MOBIL CORP,US30231G1022
JNJ,JOHNSON & JOHNSON,US4781601046
WMT,WALMART INC,US9311421039
MA,MASTERCARD INC CLASS A,US57636Q1040
PLTR,PALANTIR TECHNOLOGIES INC CLASS A,US69608A1088
ABBV,ABBVIE INC,US00287Y1091
NFLX,NETFLIX INC,US64110L1061
COST,COSTCO WHOLESALE CORP,US22160K1051
ORCL,ORACLE CORP,US68389X1054
BAC,BANK OF AMERICA CORP,US0605051046
AMD,ADVANCED MICRO DEVICES INC,US0079031078
HD,HOME DEPOT INC,US4370761029
PG,PROCTER & GAMBLE,US7427181091
CSCO,CISCO SYSTEMS INC,US17275R1023
GE,GE AEROSPACE,US3696043013
UNH,UNITEDHEALTH GROUP INC,US91324P1021
MU,MICRON TECHNOLOGY INC,US5951121038
CVX,CHEVRON CORP,US1667641005
IBM,INTERNATIONAL BUSINESS MACHINES CO,US4592001014
WFC,WELLS FARGO,US9497461015
CAT,CATERPILLAR INC,US1491231015
KO,COCA-COLA,US1912161007
GS,GOLDMAN SACHS GROUP INC,US38141G1040
CRM,SALESFORCE INC,US79466L3024
MRK,MERCK & CO INC,US58933Y1055
RTX,RTX CORP,US75513E1010
PM,PHILIP MORRIS INTERNATIONAL INC,US7181721090
MCD,MCDONALDS CORP,US5801351017
AMAT,APPLIED MATERIAL INC,US0382221051
MS,MORGAN STANLEY,US6174464486
TMO,THERMO FISHER SCIENTIFIC INC,US8835561023
ABT,ABBOTT LABORATORIES,US0028241000
LRCX,LAM RESEARCH CORP,US5128073062
PEP,PEPSICO INC,US7134481081
C,CITIGROUP INC,US1729674242
AXP,AMERICAN EXPRESS,US0258161092
ISRG,INTUITIVE SURGICAL INC,US46120E6023
GEV,GE VERNOVA INC,US36828A1016
QCOM,QUALCOMM INC,US7475251036
DIS,WALT DISNEY,US2546871060
APP,APPLOVIN CORP CLASS A,US03831W1080
INTU,INTUIT INC,US4612021034
LIN,LINDE PLC,IE000S9YS762
INTC,INTEL CORPORATION CORP,US4581401001
NOW,SERVICENOW INC,US81762P1021
UBER,UBER TECHNOLOGIES INC,US90353T1007
T,AT&T INC,US00206R1023
TJX,TJX INC,US8725401090
BKNG,BOOKING HOLDINGS INC,US09857L1089
AMGN,AMGEN INC,US0311621009
ACN,ACCENTURE PLC CLASS A,IE00B4BNMY34
APH,AMPHENOL CORP CLASS A,US0320951017
VZ,VERIZON COMMUNICATIONS INC,US92343V1044
NEE,NEXTERA ENERGY INC,US65339F1012
TXN,TEXAS INSTRUMENT INC,US8825081040
KLAC,KLA CORP,US4824801009
SCHW,CHARLES SCHWAB CORP,US8085131055
BLK,BLACKROCK INC,US09290D1019
BA,BOEING,US0970231058
SPGI,S&P GLOBAL INC,US78409V1044
COF,CAPITAL ONE FINANCIAL CORP,US14040H1059
GILD,GILEAD SCIENCES INC,US3755581036
DHR,DANAHER CORP,US2358511028
PFE,PFIZER INC,US7170811035
ADBE,ADOBE INC,US00724F1012
ADI,ANALOG DEVICES INC,US0326541051
UNP,UNION PACIFIC CORP,US9078181081
LOW,LOWES COMPANIES INC,US5486611073
ETN,EATON PLC,IE00B8KQN827
BSX,BOSTON SCIENTIFIC CORP,US1011371077
ANET,ARISTA NETWORKS INC,US0404132054
PGR,PROGRESSIVE CORP,US7433151039
CRWD,CROWDSTRIKE HOLDINGS INC CLASS A,US22788C1053
MDT,MEDTRONIC PLC,IE00BTN1Y115
PANW,PALO ALTO NETWORKS INC,US6974351057
WELL,WELLTOWER INC,US95040Q1040
HON,HONEYWELL INTERNATIONAL INC,US4385161066
SYK,STRYKER CORP,US8636671013
COP,CONOCOPHILLIPS,US20825C1045
PLD,PROLOGIS REIT INC,US74340W1036
DE,DEERE,US2441991054
BX,BLACKSTONE INC,US09260D1072
VRTX,VERTEX PHARMACEUTICALS INC,US92532F1003
PH,PARKER-HANNIFIN CORP,US7010941042
CEG,CONSTELLATION ENERGY CORP,US21037T1097
CB,CHUBB LTD,CH0044328745
ADP,AUTOMATIC DATA PROCESSING INC,US0530151036
HOOD,ROBINHOOD MARKETS INC CLASS A,US7707001027
BMY,BRISTOL MYERS SQUIBB,US1101221083
NEM,NEWMONT,US6516391066
CMCSA,COMCAST CORP CLASS A,US20030N1019
MCK,MCKESSON CORP,US58155Q1031
CVS,CVS HEALTH CORP,US1266501006
MO,ALTRIA GROUP INC,US02209S1033
KKR,KKR AND CO INC,US48251W1045
LMT,LOCKHEED MARTIN CORP,US5398301094
CME,CME GROUP INC CLASS A,US12572Q1058
SBUX,STARBUCKS CORP,US8552441094
TMUS,T MOBILE US INC,US8725901040
SO,SOUTHERN,US8425871071
CDNS,CADENCE DESIGN SYSTEMS INC,US1273871087
ICE,INTERCONTINENTAL EXCHANGE INC,US45866F1049
MMC,MARSH & MCLENNAN INC,US5717481023
TT,TRANE TECHNOLOGIES PLC,IE00BK9ZQ967
DUK,DUKE ENERGY CORP,US26441C2044
SNPS,SYNOPSYS INC,US8716071076
MMM,3M,US88579Y1010
GD,GENERAL DYNAMICS CORP,US3695501086
AMT,AMERICAN TOWER REIT CORP,US03027X1000
BK,BANK OF NEW YORK MELLON CORP,US0640581007
USB,US BANCORP,US9029733048
DASH,DOORDASH INC CLASS A,US25809K1051
PNC,PNC FINANCIAL SERVICES GROUP INC,US6934751057
ORLY,OREILLY AUTOMOTIVE INC,US67103H1077
NKE,NIKE INC CLASS B,US6541061031
HWM,HOWMET AEROSPACE INC,US4432011082
EMR,EMERSON ELECTRIC,US2910111044
WM,WASTE MANAGEMENT INC,US94106L1098
GM,GENERAL MOTORS,US37045V1008
ELV,ELEVANCE HEALTH INC,US0367521038
HCA,HCA HEALTHCARE INC,US40412C1018
JCI,JOHNSON CONTROLS INTERNATIONAL PLC,IE00BY7QL619
SHW,SHERWIN WILLIAMS,US8243481061
NOC,NORTHROP GRUMMAN CORP,US6668071029
MCO,MOODYS CORP,US6153691059
REGN,REGENERON PHARMACEUTICALS INC,US75886F1075
WMB,WILLIAMS INC,US9694571004
AON,AON PLC CLASS A,IE00BLP1HW54
TDG,TRANSDIGM GROUP INC,US8936411003
UPS,UNITED PARCEL SERVICE INC CLASS B,US9113121068
GLW,CORNING INC,US2193501051
WBD,WARNER BROS. DISCOVERY INC SERIES,US9344231041
CMI,CUMMINS INC,US2310211063
TEL,TE CONNECTIVITY PLC,IE000IVNQZ81
EQIX,EQUINIX REIT INC,US29444U7000
CI,CIGNA,US1255231003
MDLZ,MONDELEZ INTERNATIONAL INC CLASS A,US6092071058
CSX,CSX CORP,US1264081035
PWR,QUANTA SERVICES INC,US74762E1029
APO,APOLLO GLOBAL MANAGEMENT INC,US03769M1062
ITW,ILLINOIS TOOL INC,US4523081093
FCX,FREEPORT MCMORAN INC,US35671D8570
COR,CENCORA INC,US03073E1055
NSC,NORFOLK SOUTHERN CORP,US6558441084
RCL,ROYAL CARIBBEAN GROUP LTD,LR0008862868
ECL,ECOLAB INC,US2788651006
MAR,MARRIOTT INTERNATIONAL INC CLASS A,US5719032022
ADSK,AUTODESK INC,US0527691069
TFC,TRUIST FINANCIAL CORP,US89832Q1094
HLT,HILTON WORLDWIDE HOLDINGS INC,US43300A2033
STX,SEAGATE TECHNOLOGY HOLDINGS PLC,IE00BKVD2N49
CTAS,CINTAS CORP,US1729081059
WDC,WESTERN DIGITAL CORP,US9581021055
CL,COLGATE-PALMOLIVE,US1941621039
TRV,TRAVELERS COMPANIES INC,US89417E1091
COIN,COINBASE GLOBAL INC CLASS A,US19260Q1076
MSI,MOTOROLA SOLUTIONS INC,US6200763075
FDX,FEDEX CORP,US31428X1063
AJG,ARTHUR J GALLAGHER,US3635761097
AEP,AMERICAN ELECTRIC POWER INC,US0255371017
EOG,EOG RESOURCES INC,US26875P1012
PCAR,PACCAR INC,US6937181088
SLB,SLB NV,AN8068571086
ROST,ROSS STORES INC,US7782961038
SPG,SIMON PROPERTY GROUP REIT INC,US8288061091
PYPL,PAYPAL HOLDINGS INC,US70450Y1038
NXPI,NXP SEMICONDUCTORS NV,NL0009538784
MPC,MARATHON PETROLEUM CORP,US56585A1025
PSX,PHILLIPS,US7185461040
SRE,SEMPRA,US8168511090
AZO,AUTOZONE INC,US0533321024
BDX,BECTON DICKINSON,US0758871091
IDXX,IDEXX LABORATORIES INC,US45168D1046
ABNB,AIRBNB INC CLASS A,US0090661010
VLO,VALERO ENERGY CORP,US91913Y1001
LHX,L3HARRIS TECHNOLOGIES INC,US5024311095
FTNT,FORTINET INC,US34959E1091
ALL,ALLSTATE CORP,US0200021014
APD,AIR PRODUCTS AND CHEMICALS INC,US0091581068
VST,VISTRA CORP,US92840M1027
URI,UNITED RENTALS INC,US9113631090
F,FORD MOTOR CO,US3453708600
ZTS,ZOETIS INC CLASS A,US98978V1035
MNST,MONSTER BEVERAGE CORP,US61174X1090
AFL,AFLAC INC,US0010551028
KMI,KINDER MORGAN INC,US49456B1017
O,REALTY INCOME REIT CORP,US7561091049
DLR,DIGITAL REALTY TRUST REIT INC,US2538681030
D,DOMINION ENERGY INC,US25746U1097
EW,EDWARDS LIFESCIENCES CORP,US28176E1082
DDOG,DATADOG INC CLASS A,US23804L1035
WDAY,WORKDAY INC CLASS A,US98138H1014
ROP,ROPER TECHNOLOGIES INC,US7766961061
BKR,BAKER HUGHES CLASS A,US05722G1004
CAH,CARDINAL HEALTH INC,US14149Y1082
AMP,AMERIPRISE FINANCE INC,US03076C1062
FAST,FASTENAL,US3119001044
MPWR,MONOLITHIC POWER SYSTEMS INC,US6098391054
AME,AMETEK INC,US0311001004
OKE,ONEOK INC,US6826801036
ROK,ROCKWELL AUTOMATION INC,US7739031091
CBRE,CBRE GROUP INC CLASS A,US12504L1098
EA,ELECTRONIC ARTS INC,US2855121099
CMG,CHIPOTLE MEXICAN GRILL INC,US1696561059
DAL,DELTA AIR LINES INC,US2473617023
AIG,AMERICAN INTERNATIONAL GROUP INC,US0268747849
AXON,AXON ENTERPRISE INC,US05464C1018
MET,METLIFE INC,US59156R1086
CTVA,CORTEVA INC,US22052L1044
XEL,XCEL ENERGY INC,US98389B1008
EXC,EXELON CORP,US30161N1019
GWW,WW GRAINGER INC,US3848021040
TGT,TARGET CORP,US87612E1064
DHI,D R HORTON INC,US23331A1097
CARR,CARRIER GLOBAL CORP,US14448C1045
TTWO,TAKE TWO INTERACTIVE SOFTWARE INC,US8740541094
PSA,PUBLIC STORAGE REIT,US74460D1090
DELL,DELL TECHNOLOGIES INC CLASS C,US24703L2025
RSG,REPUBLIC SERVICES INC,US7607591002
FICO,FAIR ISAAC CORP,US3032501047
ETR,ENTERGY CORP,US29364G1031
MSCI,MSCI INC,US55354G1004
NDAQ,NASDAQ INC,US6311031081
A,AGILENT TECHNOLOGIES INC,US00846U1016
CTSH,COGNIZANT TECHNOLOGY SOLUTIONS COR,US1924461023
PRU,PRUDENTIAL FINANCIAL INC,US7443201022
KDP,KEURIG DR PEPPER INC,US49271V1008
YUM,YUM BRANDS INC,US9884981013
CCI,CROWN CASTLE INC,US22822V1017
TRGP,TARGA RESOURCES CORP,US87612G1013
PEG,PUBLIC SERVICE ENTERPRISE GROUP IN,US7445731067
VMC,VULCAN MATERIALS,US9291601097
GEHC,GE HEALTHCARE TECHNOLOGIES INC,US36266G1076
IQV,IQVIA HOLDINGS INC,US46266C1053
EBAY,EBAY INC,US2786421030
NUE,NUCOR CORP,US6703461052
MLM,MARTIN MARIETTA MATERIALS INC,US5732841060
KR,KROGER,US5010441013
WAB,WESTINGHOUSE AIR BRAKE TECHNOLOGIE,US9297401088
RMD,RESMED INC,US7611521078
KEYS,KEYSIGHT TECHNOLOGIES INC,US49338L1035
ARES,ARES MANAGEMENT CORP CLASS A,US03990B1017
HIG,HARTFORD INSURANCE GROUP INC,US4165151048
STT,STATE STREET CORP,US8574771031
MCHP,MICROCHIP TECHNOLOGY INC,US5950171042
PAYX,PAYCHEX INC,US7043261079
FISV,FISERV INC,US3377381088
EQT,EQT CORP,US26884L1098
VTR,VENTAS REIT INC,US92276F1003
SYY,SYSCO CORP,US8718291078
UAL,UNITED AIRLINES HOLDINGS INC,US9100471096
FIS,FIDELITY NATIONAL INFORMATION SERV,US31620M1062
XYZ,BLOCK INC CLASS A,US8522341036
CPRT,COPART INC,US2172041061
ED,CONSOLIDATED EDISON INC,US2091151041
OTIS,OTIS WORLDWIDE CORP,US68902V1070
GRMN,GARMIN LTD,CH0114405324
KMB,KIMBERLY CLARK CORP,US4943681035
ACGL,ARCH CAPITAL GROUP LTD,BMG0450A1053
XYL,XYLEM INC,US98419M1009
KVUE,KENVUE INC,US49177J1025
WEC,WEC ENERGY GROUP INC,US92939U1060
HPE,HEWLETT PACKARD ENTERPRISE,US42824C1099
PCG,PG&E CORP,US69331C1080
NRG,NRG ENERGY INC,US6293775085
TER,TERADYNE INC,US8807701029
EXPE,EXPEDIA GROUP INC,US30212P3038
SNDK,SANDISK CORP,US80004C2008
MTB,M&T BANK CORP,US55261F1049
FITB,FIFTH THIRD BANCORP,US3167731005
SYF,SYNCHRONY FINANCIAL,US87165B1035
HUM,HUMANA INC,US4448591028
WTW,WILLIS TOWERS WATSON PLC,IE00BDB6Q211
FANG,DIAMONDBACK ENERGY INC,US25278X1090
VRSK,VERISK ANALYTICS INC,US92345Y1064
OXY,OCCIDENTAL PETROLEUM CORP,US6745991058
IBKR,INTERACTIVE BROKERS GROUP INC CLAS,US45841N1072
RJF,RAYMOND JAMES INC,US7547301090
VICI,VICI PPTYS INC,US9256521090
IR,INGERSOLL RAND INC,US45687V1061
ODFL,OLD DOMINION FREIGHT LINE INC,US6795801009
MTD,METTLER TOLEDO INC,US5926881054
CSGP,COSTAR GROUP INC,US22160N1090
CCL,CARNIVAL CORP,PA1436583006
TSCO,TRACTOR SUPPLY,US8923561067
EME,EMCOR GROUP INC,US29084Q1004
FSLR,FIRST SOLAR INC,US3364331070
ADM,ARCHER DANIELS MIDLAND,US0394831020
EXE,EXPAND ENERGY CORP,US1651677353
EXR,EXTRA SPACE STORAGE REIT INC,US30225T1025
HBAN,HUNTINGTON BANCSHARES INC,US4461501045
DG,DOLLAR GENERAL CORP,US2566771059
ULTA,ULTA BEAUTY INC,US90384S3031
DTE,DTE ENERGY,US2333311072
DOV,DOVER CORP,US2600031080
EFX,EQUIFAX INC,US2944291051
DXCM,DEXCOM INC,US2521311074
BR,BROADRIDGE FINANCIAL SOLUTIONS INC,US11133T1034
HSY,HERSHEY FOODS,US4278661081
ATO,ATMOS ENERGY CORP,US0495601058
AEE,AMEREN CORP,US0236081024
EL,ESTEE LAUDER INC CLASS A,US5184391044
LEN,LENNAR A CORP CLASS A,US5260571048
NTRS,NORTHERN TRUST CORP,US6658591044
CBOE,CBOE GLOBAL MARKETS INC,US12503M1080
BIIB,BIOGEN INC,US09062X1037
STE,STERIS,IE00BFY8C754
IRM,IRON MOUNTAIN INC,US46284V1017
CINF,CINCINNATI FINANCIAL CORP,US1720621010
PHM,PULTEGROUP INC,US7458671010
CFG,CITIZENS FINANCIAL GROUP INC,US1746101054
AWK,AMERICAN WATER WORKS INC,US0304201033
OMC,OMNICOM GROUP INC,US6819191064
AVB,AVALONBAY COMMUNITIES REIT INC,US0534841012
ES,EVERSOURCE ENERGY,US30040W1080
JBL,JABIL INC,US4663131039
HAL,HALLIBURTON,US4062161017
PPL,PPL CORP,US69351T1060
GIS,GENERAL MILLS INC,US3703341046
CNP,CENTERPOINT ENERGY INC,US15189T1079
RF,REGIONS FINANCIAL CORP,US7591EP1005
DVN,DEVON ENERGY CORP,US25179M1036
LDOS,LEIDOS HOLDINGS INC,US5253271028
TPR,TAPESTRY INC,US8760301072
TDY,TELEDYNE TECHNOLOGIES INC,US8793601050
DLTR,DOLLAR TREE INC,US2567461080
VLTO,VERALTO CORP,US92338C1036
HPQ,HP INC,US40434L1052
NTAP,NETAPP INC,US64110D1046
HUBB,HUBBELL INC,US4435106079
STLD,STEEL DYNAMICS INC,US8581191009
WAT,WATERS CORP,US9418481035
WSM,WILLIAMS SONOMA INC,US9699041011
FE,FIRSTENERGY CORP,US3379321074
BRO,BROWN & BROWN INC,US1152361010
PPG,PPG INDUSTRIES INC,US6935061076
TROW,T ROWE PRICE GROUP INC,US74144T1088
ON,ON SEMICONDUCTOR CORP,US6821891057
K,KELLANOVA,US4878361082
EIX,EDISON INTERNATIONAL,US2810201077
CPAY,CORPAY INC,US2199481068
LH,LABCORP HOLDINGS INC,US5049221055
LYV,LIVE NATION ENTERTAINMENT INC,US5380341090
NVR,NVR INC,US62944T1051
STZ,CONSTELLATION BRANDS INC CLASS A,US21036P1084
PTC,PTC INC,US69370C1009
DRI,DARDEN RESTAURANTS INC,US2371941053
CMS,CMS ENERGY CORP,US1258961002
LUV,SOUTHWEST AIRLINES,US8447411088
PODD,INSULET CORP,US45784P1012
KHC,KRAFT HEINZ,US5007541064
CTRA,COTERRA ENERGY INC,US1270971039
IP,INTERNATIONAL PAPER,US4601461035
EQR,EQUITY RESIDENTIAL REIT,US29476L1070
EXPD,EXPEDITORS INTERNATIONAL OF WASHIN,US3021301094
LVS,LAS VEGAS SANDS CORP,US5178341070
CHD,CHURCH AND DWIGHT INC,US1713401024
VRSN,VERISIGN INC,US92343E1029
LULU,LULULEMON ATHLETICA INC,US5500211090
SBAC,SBA COMMUNICATIONS REIT CORP CLASS,US78410G1040
WRB,WR BERKLEY CORP,US0844231029
DGX,QUEST DIAGNOSTICS INC,US74834L1008
CHTR,CHARTER COMMUNICATIONS INC CLASS A,US16119P1084
TRMB,TRIMBLE INC,US8962391004
TYL,TYLER TECHNOLOGIES INC,US9022521051
CDW,CDW CORP,US12514G1085
GPN,GLOBAL PAYMENTS INC,US37940X1028
NI,NISOURCE INC,US65473P1057
SW,SMURFIT WESTROCK PLC,IE00028FXN24
WST,WEST PHARMACEUTICAL SERVICES INC,US9553061055
KEY,KEYCORP,US4932671088
CHRW,CH ROBINSON WORLDWIDE INC,US12541W2098
AMCR,AMCOR PLC,JE00BJ1F3079
FTV,FORTIVE CORP,US34959J1088
ZBH,ZIMMER BIOMET HOLDINGS INC,US98956P1021
SNA,SNAP ON INC,US8330341012
PFG,PRINCIPAL FINANCIAL GROUP INC,US74251V1026
GPC,GENUINE PARTS,US3724601055
CNC,CENTENE CORP,US15135B1017
Q,QNITY ELECTRONICS INC,US74743L1008
PKG,PACKAGING CORP OF AMERICA,US6951561090
GDDY,GODADDY INC CLASS A,US3802371076
TTD,TRADE DESK INC CLASS A,US88339J1051
SMCI,SUPER MICRO COMPUTER INC,US86800U3023
IT,GARTNER INC,US3666511072
L,LOEWS CORP,US5404241086
DOW,DOW INC,US2605571031
ROL,ROLLINS INC,US7757111049
PNR,PENTAIR,IE00BLS09M33
APTV,APTIV PLC,JE00BTDN8H13
DD,DUPONT DE NEMOURS INC,US26614N1028
TPL,TEXAS PACIFIC LAND CORP,US88262P1021
EVRG,EVERGY INC,US30034W1062
HOLX,HOLOGIC INC,US4364401012
WY,WEYERHAEUSER REIT,US9621661043
IFF,INTERNATIONAL FLAVORS & FRAGRANCES,US4595061015
LNT,ALLIANT ENERGY CORP,US0188021085
ESS,ESSEX PROPERTY TRUST REIT INC,US2971781057
TSN,TYSON FOODS INC CLASS A,US9024941034
J,JACOBS SOLUTIONS INC,US46982L1089
MKC,MCCORMICK & CO NON-VOTING INC,US5797802064
LII,LENNOX INTERNATIONAL INC,US5261071071
COO,COOPER INC,US2166485019
ALB,ALBEMARLE CORP,US0126531013
MAA,MID AMERICA APARTMENT COMMUNITIES,US59522J1034
INCY,INCYTE CORP,US45337C1027
JBHT,JB HUNT TRANSPORT SERVICES INC,US4456581077
TXT,TEXTRON INC,US8832031012
INVH,INVITATION HOMES INC,US46187W1071
FOXA,FOX CORP CLASS A,US35137L1052
DECK,DECKERS OUTDOOR CORP,US2435371073
GEN,GEN DIGITAL INC,US6687711084
FFIV,F5 INC,US3156161024
BBY,BEST BUY INC,US0865161014
RL,RALPH LAUREN CORP CLASS A,US7512121010
ZBRA,ZEBRA TECHNOLOGIES CORP CLASS A,US9892071054
AVY,AVERY DENNISON CORP,US0536111091
ALLE,ALLEGION PLC,IE00BFRT3W74
KIM,KIMCO REALTY REIT CORP,US49446R1095
VTRS,VIATRIS INC,US92556V1061
JKHY,JACK HENRY AND ASSOCIATES INC,US4262811015
IEX,IDEX CORP,US45167R1041
MAS,MASCO CORP,US5745991068
EG,EVEREST GROUP LTD,BMG3223R1088
TKO,TKO GROUP HOLDINGS INC CLASS A,US87256C1018
DPZ,DOMINOS PIZZA INC,US25754A2015
BALL,BALL CORP,US0584981064
NDSN,NORDSON CORP,US6556631025
CLX,CLOROX,US1890541097
BG,BUNGE GLOBAL SA,CH1300646267
HII,HUNTINGTON INGALLS INDUSTRIES INC,US4464131063
UHS,UNIVERSAL HEALTH SERVICES INC CLAS,US9139031002
CF,CF INDUSTRIES HOLDINGS INC,US1252691001
AKAM,AKAMAI TECHNOLOGIES INC,US00971T1016
IVZ,INVESCO LTD,BMG491BT1088
BLDR,BUILDERS FIRSTSOURCE INC,US12008R1077
SOLV,SOLVENTUM CORP,US83444M1018
RVTY,REVVITY INC,US7140461093
EPAM,EPAM SYSTEMS INC,US29414B1044
DOC,HEALTHPEAK PROPERTIES INC,US42250P1030
LYB,LYONDELLBASELL INDUSTRIES NV CLASS,NL0009434992
AIZ,ASSURANT INC,US04621X1081
SWK,STANLEY BLACK & DECKER INC,US8545021011
HST,HOST HOTELS & RESORTS REIT INC,US44107P1049
ALGN,ALIGN TECHNOLOGY INC,US0162551016
REG,REGENCY CENTERS REIT CORP,US7588491032
CPT,CAMDEN PROPERTY TRUST REIT,US1331311027
DAY,DAYFORCE INC,US15677J1088
GL,GLOBE LIFE INC,US37959E1029
FDS,FACTSET RESEARCH SYSTEMS INC,US3030751057
HAS,HASBRO INC,US4180561072
SJM,JM SMUCKER,US8326964058
UDR,UDR REIT INC,US9026531049
WYNN,WYNN RESORTS LTD,US9831341071
SWKS,SKYWORKS SOLUTIONS INC,US83088M1027
PNW,PINNACLE WEST CORP,US7234841010
BXP,BXP INC,US1011211018
GNRC,GENERAC HOLDINGS INC,US3687361044
CRL,CHARLES RIVER LABORATORIES INTERNA,US1598641074
NWSA,NEWS CORP CLASS A,US65249B1098
AES,AES CORP,US00130H1059
MRNA,MODERNA INC,US60770K1079
TECH,BIO TECHNE CORP,US09073M1045
APA,APA CORP,US03743Q1085
FOX,FOX CORP CLASS B,US35137L2043
BAX,BAXTER INTERNATIONAL INC,US0718131099
MOH,MOLINA HEALTHCARE INC,US60855R1005
NCLH,NORWEGIAN CRUISE LINE HOLDINGS LTD,BMG667211046
LW,LAMB WESTON HOLDINGS INC,US5132721045
CAG,CONAGRA BRANDS INC,US2058871029
TAP,MOLSON COORS BREWING CLASS B,US60871R2094
MTCH,MATCH GROUP INC,US57667L1070
PAYC,PAYCOM SOFTWARE INC,US70432V1026
POOL,POOL CORP,US73278L1052
LKQ,LKQ CORP,US5018892084
HSIC,HENRY SCHEIN INC,US8064071025
SOLS,SOLSTICE ADVANCED MATERIALS INC,US83443Q1031
AOS,A O SMITH CORP,US8318652091
MGM,MGM RESORTS INTERNATIONAL,US5529531015
MOS,MOSAIC,US61945C1036
FRT,FEDERAL REALTY INVESTMENT TRUST RE,US3137451015
BEN,FRANKLIN RESOURCES INC,US3546131018
ARE,ALEXANDRIA REAL ESTATE EQUITIES RE,US0152711091
HRL,HORMEL FOODS CORP,US4404521001
ERIE,ERIE INDEMNITY CLASS A,US29530P1021
MHK,MOHAWK INDUSTRIES INC,US6081901042
CPB,CAMPBELL SOUP,US1344291091
BFB,BROWN FORMAN CORP CLASS B,US1156372096
PSKY,PARAMOUNT SKYDANCE CORP CLASS B,US69932A2042
DVA,DAVITA INC,US23918K1088
NWS,NEWS CORP CLASS B,US65249B2088
PHIN,PHINIA INC,US71880K1016
